date,run_id,run_attempt,workflow,trigger,status,stage,started_at,ended_at,duration_seconds,total_papers,cs_ir_papers,cs_cl_papers,cs_cv_papers,rough_rank_total,rough_rank_success,rough_rank_failed,fine_rank_total,fine_rank_success,fine_rank_failed,avg_rough_score,avg_fine_score,daily_json_written,html_generated,error
20260907,34100684963,1,arxiv_daily_full,schedule,success,completed,2026-09-07T08:28:23+00:00,2026-09-07T08:35:33+00:00,430,0,0,0,0,0,0,0,0,0,0,0,0,false,true,
20260907,34139194571,1,arxiv_daily_recovery,schedule,success,completed,2026-09-07T15:37:40+00:00,2026-09-07T15:44:18+00:00,398,0,0,0,0,0,0,0,0,0,0,0,0,false,true,
20260908,34203123472,1,arxiv_daily_full,schedule,success,completed,2026-09-08T08:11:58+00:00,2026-09-08T08:16:28+00:00,270,0,0,0,0,0,0,0,0,0,0,0,0,false,true,
20260908,34237055539,1,arxiv_daily_recovery,schedule,success,completed,2026-09-08T14:16:08+00:00,2026-09-08T14:22:18+00:00,370,0,0,0,0,0,0,0,0,0,0,0,0,false,true,
20260909,34328073218,1,arxiv_daily_full,schedule,success,completed,2026-09-09T08:15:48+00:00,2026-09-09T08:23:10+00:00,442,195,14,79,102,187,187,0,20,20,0,1.81,7.4,true,true,
20260910,34454066082,1,arxiv_daily_full,schedule,success,completed,2026-09-10T08:15:07+00:00,2026-09-10T08:22:27+00:00,440,177,10,80,87,168,168,0,20,19,1,2.04,6.21,true,true,
20260911,34577776532,1,arxiv_daily_full,schedule,success,completed,2026-09-11T08:10:07+00:00,2026-09-11T08:17:19+00:00,432,174,14,82,78,164,164,0,20,20,0,2.01,6.9,true,true,
20260912,34682130578,1,arxiv_daily_full,schedule,success,completed,2026-09-12T08:00:55+00:00,2026-09-12T08:08:34+00:00,459,0,0,0,0,0,0,0,0,0,0,0,0,false,true,
20260912,34696431246,1,arxiv_daily_recovery,schedule,success,completed,2026-09-12T13:27:17+00:00,2026-09-12T13:33:41+00:00,384,0,0,0,0,0,0,0,0,0,0,0,0,false,true,
20260913,34747610487,1,arxiv_daily_full,schedule,failed,fetch,2026-09-13T08:25:35+00:00,2026-09-13T09:39:49+00:00,4454,0,0,,,0,0,0,0,0,0,0,0,false,false,"arXiv API 请求多次失败: HTTPSConnectionPool(host='export.arxiv.org', port=443): Read timed out. (read timeout=30)"
20260913,34747610487,1,arxiv_daily_full,schedule,failed,fetch,2026-09-13T10:09:49+00:00,2026-09-13T11:23:46+00:00,4437,0,0,,,0,0,0,0,0,0,0,0,false,false,"arXiv API 请求多次失败: HTTPSConnectionPool(host='export.arxiv.org', port=443): Read timed out. (read timeout=30)"
20260913,34747610487,1,arxiv_daily_full,schedule,failed,fetch,2026-09-13T12:23:46+00:00,2026-09-13T13:38:41+00:00,4495,0,0,,,0,0,0,0,0,0,0,0,false,true,"arXiv API 请求多次失败: HTTPSConnectionPool(host='export.arxiv.org', port=443): Read timed out. (read timeout=30)"
20260913,34761900277,1,arxiv_daily_recovery,schedule,failed,fetch,2026-09-13T14:11:26+00:00,2026-09-13T15:27:47+00:00,4581,0,0,,,0,0,0,0,0,0,0,0,false,false,"arXiv API 请求多次失败: HTTPSConnectionPool(host='export.arxiv.org', port=443): Read timed out. (read timeout=30)"
20260913,34761900277,1,arxiv_daily_recovery,schedule,failed,fetch,2026-09-13T15:57:47+00:00,2026-09-13T17:12:41+00:00,4494,0,0,,,0,0,0,0,0,0,0,0,false,false,"arXiv API 请求多次失败: HTTPSConnectionPool(host='export.arxiv.org', port=443): Read timed out. (read timeout=30)"
20260913,34761900277,1,arxiv_daily_recovery,schedule,failed,fetch,2026-09-13T18:12:42+00:00,2026-09-13T19:26:44+00:00,4442,0,0,,,0,0,0,0,0,0,0,0,false,true,"arXiv API 请求多次失败: HTTPSConnectionPool(host='export.arxiv.org', port=443): Read timed out. (read timeout=30)"
20260914,34825950587,1,arxiv_daily_full,schedule,failed,fetch,2026-09-14T09:05:15+00:00,2026-09-14T10:19:09+00:00,4434,0,0,,,0,0,0,0,0,0,0,0,false,false,arXiv API 请求多次失败: 429 error from https://arxiv.org/api/query
20260914,34825950587,1,arxiv_daily_full,schedule,failed,fetch,2026-09-14T10:49:09+00:00,2026-09-14T12:03:52+00:00,4483,0,0,,,0,0,0,0,0,0,0,0,false,false,arXiv API 请求多次失败: 429 error from https://arxiv.org/api/query
20260914,34825950587,1,arxiv_daily_full,schedule,failed,fetch,2026-09-14T13:03:53+00:00,2026-09-14T14:20:09+00:00,4576,0,0,,,0,0,0,0,0,0,0,0,false,true,arXiv API 请求多次失败: 429 error from https://arxiv.org/api/query
20260914,34867302338,1,arxiv_daily_recovery,schedule,failed,fetch,2026-09-14T16:14:49+00:00,2026-09-14T18:03:17+00:00,6508,0,0,0,,0,0,0,0,0,0,0,0,false,false,arXiv API 请求多次失败: 429 error from https://arxiv.org/api/query
20260914,34867302338,1,arxiv_daily_recovery,schedule,success,completed,2026-09-14T18:33:18+00:00,2026-09-14T19:53:51+00:00,4833,0,0,0,0,0,0,0,0,0,0,0,0,false,true,
20260916,35133139534,1,arxiv_daily_full,workflow_dispatch,success,completed,2026-09-16T18:14:50+00:00,2026-09-16T18:21:11+00:00,381,125,6,51,68,121,121,0,10,9,1,1.8,6.0,true,true,
20260917,35201439619,1,arxiv_daily_full,schedule,success,completed,2026-09-17T08:46:17+00:00,2026-09-17T08:53:30+00:00,433,187,11,84,92,175,175,0,15,15,0,1.95,6.67,true,true,
20260917,35259822696,1,arxiv_daily_full,workflow_dispatch,success,completed,2026-09-17T18:36:35+00:00,2026-09-17T18:44:53+00:00,498,125,6,58,61,115,115,0,9,9,0,1.91,6.56,true,true,
20260918,35323979292,1,arxiv_daily_full,schedule,success,completed,2026-09-18T08:22:07+00:00,2026-09-18T08:31:27+00:00,560,193,16,77,100,184,184,0,20,20,0,2.1,7.1,true,false,
20260918,35355565757,1,arxiv_daily_recovery,schedule,success,completed,2026-09-18T14:20:28+00:00,2026-09-18T14:26:59+00:00,391,162,12,62,88,156,156,0,19,19,0,2.08,7.37,true,false,
20260919,35431242159,1,arxiv_daily_full,schedule,success,completed,2026-09-19T08:09:57+00:00,2026-09-19T08:16:31+00:00,394,0,0,0,0,0,0,0,0,0,0,0,0,false,false,
20260919,35437700732,1,arxiv_daily_full,workflow_dispatch,success,completed,2026-09-19T10:33:14+00:00,2026-09-19T10:48:08+00:00,894,222,22,100,100,210,210,0,20,20,0,2.16,6.3,true,true,
20260920,35458964767,1,arxiv_daily_full,workflow_dispatch,success,completed,2026-09-19T17:43:53+00:00,2026-09-19T17:52:16+00:00,503,44,0,4,24,43,43,0,0,0,0,1.26,0,true,true,
20260920,35500267319,1,arxiv_daily_full,schedule,success,completed,2026-09-20T08:42:17+00:00,2026-09-20T08:56:11+00:00,834,43,0,4,23,42,42,0,0,0,0,1.31,0,true,true,
20260921,35581479887,1,arxiv_daily_full,schedule,success,completed,2026-09-21T09:07:46+00:00,2026-09-21T09:27:05+00:00,1159,198,8,87,98,189,189,0,2,2,0,1.16,6.5,true,true,
20260922,35625273856,1,arxiv_daily_recovery,schedule,success,completed,2026-09-21T16:23:46+00:00,2026-09-21T16:33:13+00:00,567,0,0,0,0,0,0,0,0,0,0,0,0,false,true,
20260922,35706028446,1,arxiv_daily_full,schedule,success,completed,2026-09-22T08:40:20+00:00,2026-09-22T08:59:14+00:00,1134,262,44,100,100,252,252,0,13,13,0,1.36,5.54,true,true,
20260923,35838597667,1,arxiv_daily_full,schedule,success,completed,2026-09-23T08:42:56+00:00,2026-09-23T09:01:07+00:00,1091,222,15,100,100,219,219,0,7,7,0,1.21,4.43,true,true,
20260924,35976077473,1,arxiv_daily_full,schedule,success,completed,2026-09-24T08:35:22+00:00,2026-09-24T09:04:29+00:00,1747,238,25,100,100,227,227,0,6,6,0,1.24,6.0,true,true,
20260925,36115654454,1,arxiv_daily_full,schedule,success,completed,2026-09-25T08:56:49+00:00,2026-09-25T09:11:37+00:00,888,240,30,100,100,233,233,0,3,3,0,1.2,6.67,true,true,
20260926,36230593853,1,arxiv_daily_full,schedule,success,completed,2026-09-26T08:43:07+00:00,2026-09-26T08:52:44+00:00,577,63,0,25,38,60,60,0,0,0,0,1.05,0,true,true,
20260927,36309191841,1,arxiv_daily_full,schedule,success,completed,2026-09-27T09:23:28+00:00,2026-09-27T09:30:35+00:00,427,0,0,0,0,0,0,0,0,0,0,0,0,false,true,
20260927,36328223372,1,arxiv_daily_recovery,schedule,success,completed,2026-09-27T15:05:11+00:00,2026-09-27T15:11:48+00:00,397,0,0,0,0,0,0,0,0,0,0,0,0,false,true,
20260928,36406820661,1,arxiv_daily_full,schedule,success,completed,2026-09-28T09:59:14+00:00,2026-09-28T10:20:46+00:00,1292,213,19,89,100,204,204,0,8,8,0,1.37,5.25,true,true,
20260929,36462575966,1,arxiv_daily_recovery,schedule,success,completed,2026-09-28T18:06:39+00:00,2026-09-28T18:16:46+00:00,607,12,0,0,12,12,12,0,0,0,0,1.0,0,true,true,
20260929,36552615518,1,arxiv_daily_full,schedule,success,completed,2026-09-29T09:59:03+00:00,2026-09-29T10:15:30+00:00,987,214,55,100,12,213,213,0,8,8,0,1.5,6.25,true,true,
20260930,36597835621,1,arxiv_daily_recovery,schedule,success,completed,2026-09-29T16:27:49+00:00,2026-09-29T16:44:43+00:00,1014,200,0,100,100,200,200,0,0,0,0,1.01,0,true,true,
20260930,36698644646,1,arxiv_daily_full,schedule,success,completed,2026-09-30T09:50:43+00:00,2026-09-30T10:01:10+00:00,627,255,29,103,102,250,250,0,3,3,0,1.14,6.33,true,true,
20261001,36743649517,1,arxiv_daily_recovery,schedule,success,completed,2026-09-30T16:22:38+00:00,2026-09-30T16:38:23+00:00,945,200,0,100,100,200,200,0,0,0,0,1.03,0,true,true,
20261001,36848214959,1,arxiv_daily_full,schedule,success,completed,2026-10-01T10:18:06+00:00,2026-10-01T10:28:26+00:00,620,252,30,102,104,246,246,0,8,8,0,1.38,6.12,true,true,
20261002,36895992594,1,arxiv_daily_recovery,schedule,success,completed,2026-10-01T16:59:25+00:00,2026-10-01T17:50:15+00:00,3050,200,0,100,100,200,200,0,0,0,0,1.02,0,true,true,
20261002,36992500252,1,arxiv_daily_full,schedule,success,completed,2026-10-02T09:55:20+00:00,2026-10-02T11:18:17+00:00,4977,240,21,101,104,235,235,0,2,2,0,1.17,4.0,true,true,
20261003,37032349515,1,arxiv_daily_recovery,schedule,success,completed,2026-10-02T16:12:57+00:00,2026-10-02T16:31:10+00:00,1093,200,0,100,100,200,200,0,0,0,0,1.01,0,true,true,
20261003,37112515016,1,arxiv_daily_full,schedule,success,completed,2026-10-03T09:17:21+00:00,2026-10-03T09:27:38+00:00,617,206,0,105,101,200,200,0,0,0,0,1.01,0,true,true,
20261004,37193748055,1,arxiv_daily_full,schedule,success,completed,2026-10-04T09:56:52+00:00,2026-10-04T10:48:13+00:00,3081,168,0,68,100,163,163,0,0,0,0,1.02,0,true,true,
20261005,37297944102,1,arxiv_daily_full,schedule,success,completed,2026-10-05T10:39:46+00:00,2026-10-05T10:57:00+00:00,1034,216,11,100,100,212,212,0,0,0,0,1.1,0,true,true,
20261006,37361658470,1,arxiv_daily_recovery,schedule,success,completed,2026-10-05T19:12:33+00:00,2026-10-05T19:21:38+00:00,545,38,0,11,27,38,38,0,0,0,0,1.11,0,true,true,
20261006,37450458473,1,arxiv_daily_full,schedule,success,completed,2026-10-06T10:32:55+00:00,2026-10-06T10:44:12+00:00,677,104,33,11,27,104,104,0,5,5,0,1.71,6.6,true,true,
20261007,37497389605,1,arxiv_daily_recovery,schedule,success,completed,2026-10-06T16:39:44+00:00,2026-10-06T16:56:06+00:00,982,200,0,100,100,200,200,0,0,0,0,1.07,0,true,true,
20261007,37607197928,1,arxiv_daily_full,schedule,success,completed,2026-10-07T10:25:02+00:00,2026-10-07T10:33:54+00:00,532,247,27,103,101,243,243,0,2,2,0,1.18,3.0,true,true,
